Domain,Org
None Found
Akamai Technologies Inc.
None Found
None Found
None Found
Akamai Technologies Inc.
Akamai International B.V.
Oracle Corporation
None Found
None Found
None Found
Oracle Corporation
Oracle Corporation
None Found
VENETIAN CASINO RESORT LLC
Akamai International B.V.
Akamai International B.V.
Akamai International B.V.
None Found
None Found
None Found
Amazon.com Inc.
Akamai International B.V.
Amazon.com Inc.
VENETIAN CASINO RESORT LLC
Oracle Corporation
None Found
None Found
None Found
Google LLC
None Found
None Found
None Found
Cloudflare Inc.
VENETIAN CASINO RESORT LLC
VENETIAN CASINO RESORT LLC
None Found
Oracle Corporation
None Found
None Found
Sucuri
None Found
Akamai Technologies Inc.
Akamai International B.V.
VENETIAN CASINO RESORT LLC
None Found
None Found
Google LLC
None Found
Akamai International B.V.
Rackspace Hosting
None Found
None Found
Akamai Technologies Inc.
Google LLC
Akamai International B.V.
Microsoft Corporation
None Found
None Found
Google LLC
Amazon.com Inc.
Akamai International B.V.
None Found
None Found
Akamai Technologies Inc.
Akamai Technologies Inc.
Google LLC
Amazon.com Inc.
Akamai International B.V.
Akamai International B.V.
VENETIAN CASINO RESORT LLC
None Found
Akamai Technologies Inc.
None Found
None Found
None Found
Microsoft Corporation
Akamai International B.V.
Akamai International B.V.
VENETIAN CASINO RESORT LLC
Oracle Corporation
None Found
None Found
VENETIAN CASINO RESORT LLC
Akamai Technologies Inc.
Amazon.com Inc.
Akamai International B.V.
Microsoft Corporation
None Found
None Found
VENETIAN CASINO RESORT LLC
Amazon.com Inc.
Akamai Technologies Inc.
Akamai International B.V.
Akamai International B.V.
None Found
None Found
Amazon.com Inc.
